,guest
(just your hosts),39
Jonathan Rauch,8
Sarah Longwell,7
Tim Miller,7
Scott Shapiro,6
Alan Rozenshtein,6
Leah Litman,6
Mike Chase,5
Dan Drezner,5
Marty Lederman,5
Virginia Heffernan,5
Alex Stamos,4
David Priess,4
Jack Balkin,4
Matthew Miller,4
Nate Persily,4
Kathleen Belew,3
Margaret Taylor,3
Mike Pesca,3
Anna Salvatore,3
Carrie Goldberg,3
Danielle Citron,3
Dahlia Lithwick,3
Steve Vladeck,3
Molly Jong-Fast,3
Ken White,3
Rick Wilson,2
Ada Palmer,2
Maggie Feldman-Piltch,2
Paul Rosenzweig,2
David French,2
Jeff Horwitz,2
Quinta Jurecic,2
The Audience,2
Natalie Jackson,2
Yascha Mounk,2
Preet Bharara,2
Alexandra Petri,2
Kori Schake,2
"Rachel ""The Doc"" Bitecofer",2
Alvin Cheung,2
Hannah Neprash,2
Jordan Ellenberg,2
John Q. Barrett,2
Carrie Johnson,2
Evelyn Douek,2
Jill Filipovic,2
Peter Strzok,2
Susan Hennessey,2
Lisa Page,2
Orin Kerr,2
Andy Slavitt,2
Windsor Mann,2
Emily Bazelon,2
Doug Bernstein,1
Alex Macgillivray,1
Molly Michelmore,1
Janet Turk Wittes,1
Jamelle Bouie,1
Mark Lemley,1
Nicolas Suzor,1
Election 2020 Panel,1
Thyra Heder,1
David Plotz,1
Bill Kristol,1
Jennifer Mercieca,1
Eric Landon,1
Camille Fran√ßois,1
Daniel Radosh,1
Josh Sharfstein,1
Alex Shephard,1
Ross Trudeau,1
Ian Heath Gershengorn,1
David Frum,1
Norm Eisen,1
Josh Chafetz,1
Susan Landau,1
Amanda Sloat,1
Wilfred U. Codrington III,1
Scott Hechinger,1
Dan Byman,1
Clare Malone,1
Kashmir Hill,1
Eugene Volokh,1
Vanessa Williamson,1
Daniel Klaidman,1
Cory Doctorow,1
Steven Levy,1
Charlie Warzel,1
Mike Godwin,1
Heather Cox Richardson,1
Samm Sacks,1
Tom Wheeler,1
Charlie Sykes,1
Alex Gibney,1
Anthony Michael Kries,1
Jordan Schneider,1
Michael Sean Winters,1
Tom Nichols,1
Jason Leopold,1
Jon Turk,1
Natasha Bertrand,1
Camille Busette,1
Sarah Roberts,1
Clint Watts,1
Michael Isikoff,1
Annie Karni,1
Cynthia Estlund,1
Katie Phang,1
Radley Balko,1
Molly Brady,1
Barry Friedman,1
Stephen Wertheim,1
Mieke Eoyang,1
Scott Anderson,1
Jillian York,1
Alessandro Nivola,1
Ben Smith,1
Kate Starbird,1
Juliette Kayyem,1
Lawrence Lessig,1
John Samples,1
John Sipher,1
Carl T. Bergstrom,1
Brian Christian,1
Barton Gellman,1
Kate Darling,1
Nicole Wong,1
Michel Paradis,1
Randy Barnett,1
G. Elliott Morris,1
Toomas Hendrick Ilves,1
Shane Harris,1
Kate Gage,1
Ben Ponte,1
Richard Pildes,1
Catherine Rampell,1
Julian Davis Mortenson,1
Ross Garber,1
Andrew Marantz,1
Lisa Kaplan,1
David Kaye,1
Jasmine El-Gamal,1
Laura Rosenberger,1
Thomas Rid,1
Kate Shaw,1
Matt Yglesias,1
Jameel Jaffer,1
Emily Bell,1
Will DeWitt,1
Anne Applebaum,1
Mai El-Sadany,1
Ian Enright,1
Kaeli Swift,1
Adam Davidson,1
Sarah Bond,1
David Allen Green,1
Noah Feldman,1
Nicholson Price,1
Thomas Berg,1
Carissa Byrne Hessick,1
Josh Marshall,1
Brian Beutler,1
Reginald Dwayne Betts,1
Julian Sanchez,1
Marc Polymeropoulos,1
Whit Stillman,1
Surya Mattu,1
Seth Magaziner,1
Jamal Greene,1
Bill Galston,1
Kara Swisher,1
Adam Serwer,1
Anne Milgram,1
Jeremy Sheff,1
Alex Finley,1
Deepak Gupta,1
Emily Hurson,1
"Yorrick ""YoRock"" Anderson",1
Jack Goldsmith,1
Joshua Tucker,1
Jonathan Zittrain,1
Bianna Golodryga,1
Asha Rangappa,1
Claudia Deane,1
Richard R. John,1
Jeff Jarvis,1
Gail Albert Halaban,1
Allegra Love,1
Yaya J. Fanusie,1
Alina Polyakova,1
